version,1.3.0
info,team,Sunrisers Hyderabad
info,team,Kings XI Punjab
info,gender,male
info,season,2017
info,date,2017/04/17
info,competition,Indian Premier League
info,match_number,19
info,venue,"Rajiv Gandhi International Stadium, Uppal"
info,city,Hyderabad
info,toss_winner,Kings XI Punjab
info,toss_decision,field
info,player_of_match,B Kumar
info,umpire,AY Dandekar
info,umpire,A Deshmukh
info,reserve_umpire,N Pandit
info,tv_umpire,NJ Llong
info,match_referee,AJ Pycroft
info,winner,Sunrisers Hyderabad
info,winner_runs,5
ball,1,0.1,Sunrisers Hyderabad,DA Warner,S Dhawan,Sandeep Sharma,0,0,"",""
ball,1,0.2,Sunrisers Hyderabad,DA Warner,S Dhawan,Sandeep Sharma,0,0,"",""
ball,1,0.3,Sunrisers Hyderabad,DA Warner,S Dhawan,Sandeep Sharma,0,0,"",""
ball,1,0.4,Sunrisers Hyderabad,DA Warner,S Dhawan,Sandeep Sharma,1,0,"",""
ball,1,0.5,Sunrisers Hyderabad,S Dhawan,DA Warner,Sandeep Sharma,1,0,"",""
ball,1,0.6,Sunrisers Hyderabad,DA Warner,S Dhawan,Sandeep Sharma,0,1,"",""
ball,1,1.1,Sunrisers Hyderabad,DA Warner,S Dhawan,I Sharma,0,2,"",""
ball,1,1.2,Sunrisers Hyderabad,S Dhawan,DA Warner,I Sharma,1,0,"",""
ball,1,1.3,Sunrisers Hyderabad,DA Warner,S Dhawan,I Sharma,1,0,"",""
ball,1,1.4,Sunrisers Hyderabad,S Dhawan,DA Warner,I Sharma,0,0,"",""
ball,1,1.5,Sunrisers Hyderabad,S Dhawan,DA Warner,I Sharma,1,0,"",""
ball,1,1.6,Sunrisers Hyderabad,DA Warner,S Dhawan,I Sharma,0,0,"",""
ball,1,1.7,Sunrisers Hyderabad,DA Warner,S Dhawan,I Sharma,0,1,"",""
ball,1,1.8,Sunrisers Hyderabad,DA Warner,S Dhawan,I Sharma,0,0,"",""
ball,1,2.1,Sunrisers Hyderabad,S Dhawan,DA Warner,Sandeep Sharma,2,0,"",""
ball,1,2.2,Sunrisers Hyderabad,S Dhawan,DA Warner,Sandeep Sharma,4,0,"",""
ball,1,2.3,Sunrisers Hyderabad,S Dhawan,DA Warner,Sandeep Sharma,0,0,"",""
ball,1,2.4,Sunrisers Hyderabad,S Dhawan,DA Warner,Sandeep Sharma,0,1,"",""
ball,1,2.5,Sunrisers Hyderabad,DA Warner,S Dhawan,Sandeep Sharma,1,0,"",""
ball,1,2.6,Sunrisers Hyderabad,S Dhawan,DA Warner,Sandeep Sharma,1,0,"",""
ball,1,3.1,Sunrisers Hyderabad,S Dhawan,DA Warner,I Sharma,1,0,"",""
ball,1,3.2,Sunrisers Hyderabad,DA Warner,S Dhawan,I Sharma,0,0,"",""
ball,1,3.3,Sunrisers Hyderabad,DA Warner,S Dhawan,I Sharma,0,0,"",""
ball,1,3.4,Sunrisers Hyderabad,DA Warner,S Dhawan,I Sharma,0,0,"",""
ball,1,3.5,Sunrisers Hyderabad,DA Warner,S Dhawan,I Sharma,1,0,"",""
ball,1,3.6,Sunrisers Hyderabad,S Dhawan,DA Warner,I Sharma,1,0,"",""
ball,1,4.1,Sunrisers Hyderabad,S Dhawan,DA Warner,MM Sharma,1,0,"",""
ball,1,4.2,Sunrisers Hyderabad,DA Warner,S Dhawan,MM Sharma,0,0,"",""
ball,1,4.3,Sunrisers Hyderabad,DA Warner,S Dhawan,MM Sharma,1,0,"",""
ball,1,4.4,Sunrisers Hyderabad,S Dhawan,DA Warner,MM Sharma,2,0,"",""
ball,1,4.5,Sunrisers Hyderabad,S Dhawan,DA Warner,MM Sharma,0,0,"",""
ball,1,4.6,Sunrisers Hyderabad,S Dhawan,DA Warner,MM Sharma,0,0,caught,S Dhawan
ball,1,5.1,Sunrisers Hyderabad,DA Warner,MC Henriques,I Sharma,1,0,"",""
ball,1,5.2,Sunrisers Hyderabad,MC Henriques,DA Warner,I Sharma,0,0,"",""
ball,1,5.3,Sunrisers Hyderabad,MC Henriques,DA Warner,I Sharma,0,0,"",""
ball,1,5.4,Sunrisers Hyderabad,MC Henriques,DA Warner,I Sharma,0,0,"",""
ball,1,5.5,Sunrisers Hyderabad,MC Henriques,DA Warner,I Sharma,2,0,"",""
ball,1,5.6,Sunrisers Hyderabad,MC Henriques,DA Warner,I Sharma,0,1,"",""
ball,1,6.1,Sunrisers Hyderabad,MC Henriques,DA Warner,KC Cariappa,1,0,"",""
ball,1,6.2,Sunrisers Hyderabad,DA Warner,MC Henriques,KC Cariappa,1,0,"",""
ball,1,6.3,Sunrisers Hyderabad,MC Henriques,DA Warner,KC Cariappa,3,0,"",""
ball,1,6.4,Sunrisers Hyderabad,DA Warner,MC Henriques,KC Cariappa,4,0,"",""
ball,1,6.5,Sunrisers Hyderabad,DA Warner,MC Henriques,KC Cariappa,1,0,"",""
ball,1,6.6,Sunrisers Hyderabad,MC Henriques,DA Warner,KC Cariappa,1,0,"",""
ball,1,7.1,Sunrisers Hyderabad,MC Henriques,DA Warner,MM Sharma,0,0,"",""
ball,1,7.2,Sunrisers Hyderabad,MC Henriques,DA Warner,MM Sharma,0,0,"",""
ball,1,7.3,Sunrisers Hyderabad,MC Henriques,DA Warner,MM Sharma,0,0,"",""
ball,1,7.4,Sunrisers Hyderabad,MC Henriques,DA Warner,MM Sharma,0,0,"",""
ball,1,7.5,Sunrisers Hyderabad,MC Henriques,DA Warner,MM Sharma,1,0,"",""
ball,1,7.6,Sunrisers Hyderabad,DA Warner,MC Henriques,MM Sharma,1,0,"",""
ball,1,8.1,Sunrisers Hyderabad,DA Warner,MC Henriques,KC Cariappa,0,0,"",""
ball,1,8.2,Sunrisers Hyderabad,DA Warner,MC Henriques,KC Cariappa,1,0,"",""
ball,1,8.3,Sunrisers Hyderabad,MC Henriques,DA Warner,KC Cariappa,0,0,"",""
ball,1,8.4,Sunrisers Hyderabad,MC Henriques,DA Warner,KC Cariappa,1,0,"",""
ball,1,8.5,Sunrisers Hyderabad,DA Warner,MC Henriques,KC Cariappa,0,0,"",""
ball,1,8.6,Sunrisers Hyderabad,DA Warner,MC Henriques,KC Cariappa,6,0,"",""
ball,1,9.1,Sunrisers Hyderabad,MC Henriques,DA Warner,AR Patel,0,0,stumped,MC Henriques
ball,1,9.2,Sunrisers Hyderabad,Yuvraj Singh,DA Warner,AR Patel,0,0,caught,Yuvraj Singh
ball,1,9.3,Sunrisers Hyderabad,NV Ojha,DA Warner,AR Patel,0,0,"",""
ball,1,9.4,Sunrisers Hyderabad,NV Ojha,DA Warner,AR Patel,1,0,"",""
ball,1,9.5,Sunrisers Hyderabad,DA Warner,NV Ojha,AR Patel,1,0,"",""
ball,1,9.6,Sunrisers Hyderabad,NV Ojha,DA Warner,AR Patel,0,1,"",""
ball,1,9.7,Sunrisers Hyderabad,NV Ojha,DA Warner,AR Patel,1,0,"",""
ball,1,10.1,Sunrisers Hyderabad,NV Ojha,DA Warner,KC Cariappa,4,0,"",""
ball,1,10.2,Sunrisers Hyderabad,NV Ojha,DA Warner,KC Cariappa,1,0,"",""
ball,1,10.3,Sunrisers Hyderabad,DA Warner,NV Ojha,KC Cariappa,4,0,"",""
ball,1,10.4,Sunrisers Hyderabad,DA Warner,NV Ojha,KC Cariappa,2,0,"",""
ball,1,10.5,Sunrisers Hyderabad,DA Warner,NV Ojha,KC Cariappa,1,0,"",""
ball,1,10.6,Sunrisers Hyderabad,NV Ojha,DA Warner,KC Cariappa,0,0,"",""
ball,1,11.1,Sunrisers Hyderabad,DA Warner,NV Ojha,AR Patel,0,0,"",""
ball,1,11.2,Sunrisers Hyderabad,DA Warner,NV Ojha,AR Patel,1,0,"",""
ball,1,11.3,Sunrisers Hyderabad,NV Ojha,DA Warner,AR Patel,0,0,"",""
ball,1,11.4,Sunrisers Hyderabad,NV Ojha,DA Warner,AR Patel,2,0,"",""
ball,1,11.5,Sunrisers Hyderabad,NV Ojha,DA Warner,AR Patel,2,0,"",""
ball,1,11.6,Sunrisers Hyderabad,NV Ojha,DA Warner,AR Patel,4,0,"",""
ball,1,12.1,Sunrisers Hyderabad,DA Warner,NV Ojha,Sandeep Sharma,1,0,"",""
ball,1,12.2,Sunrisers Hyderabad,NV Ojha,DA Warner,Sandeep Sharma,2,0,"",""
ball,1,12.3,Sunrisers Hyderabad,NV Ojha,DA Warner,Sandeep Sharma,3,0,"",""
ball,1,12.4,Sunrisers Hyderabad,DA Warner,NV Ojha,Sandeep Sharma,0,0,"",""
ball,1,12.5,Sunrisers Hyderabad,DA Warner,NV Ojha,Sandeep Sharma,4,0,"",""
ball,1,12.6,Sunrisers Hyderabad,DA Warner,NV Ojha,Sandeep Sharma,1,0,"",""
ball,1,13.1,Sunrisers Hyderabad,DA Warner,NV Ojha,AR Patel,0,0,"",""
ball,1,13.2,Sunrisers Hyderabad,DA Warner,NV Ojha,AR Patel,1,0,"",""
ball,1,13.3,Sunrisers Hyderabad,NV Ojha,DA Warner,AR Patel,1,0,"",""
ball,1,13.4,Sunrisers Hyderabad,DA Warner,NV Ojha,AR Patel,1,0,"",""
ball,1,13.5,Sunrisers Hyderabad,NV Ojha,DA Warner,AR Patel,6,0,"",""
ball,1,13.6,Sunrisers Hyderabad,NV Ojha,DA Warner,AR Patel,1,0,"",""
ball,1,14.1,Sunrisers Hyderabad,NV Ojha,DA Warner,I Sharma,1,0,"",""
ball,1,14.2,Sunrisers Hyderabad,DA Warner,NV Ojha,I Sharma,4,0,"",""
ball,1,14.3,Sunrisers Hyderabad,DA Warner,NV Ojha,I Sharma,1,0,"",""
ball,1,14.4,Sunrisers Hyderabad,NV Ojha,DA Warner,I Sharma,0,1,"",""
ball,1,14.5,Sunrisers Hyderabad,NV Ojha,DA Warner,I Sharma,3,0,"",""
ball,1,14.6,Sunrisers Hyderabad,DA Warner,NV Ojha,I Sharma,0,1,"",""
ball,1,14.7,Sunrisers Hyderabad,NV Ojha,DA Warner,I Sharma,1,0,"",""
ball,1,15.1,Sunrisers Hyderabad,NV Ojha,DA Warner,KC Cariappa,1,0,"",""
ball,1,15.2,Sunrisers Hyderabad,DA Warner,NV Ojha,KC Cariappa,1,0,"",""
ball,1,15.3,Sunrisers Hyderabad,NV Ojha,DA Warner,KC Cariappa,0,0,stumped,NV Ojha
ball,1,15.4,Sunrisers Hyderabad,DJ Hooda,DA Warner,KC Cariappa,1,0,"",""
ball,1,15.5,Sunrisers Hyderabad,DA Warner,DJ Hooda,KC Cariappa,0,1,"",""
ball,1,15.6,Sunrisers Hyderabad,DA Warner,DJ Hooda,KC Cariappa,2,0,"",""
ball,1,15.7,Sunrisers Hyderabad,DA Warner,DJ Hooda,KC Cariappa,1,0,"",""
ball,1,16.1,Sunrisers Hyderabad,DA Warner,DJ Hooda,MM Sharma,2,0,"",""
ball,1,16.2,Sunrisers Hyderabad,DA Warner,DJ Hooda,MM Sharma,4,0,"",""
ball,1,16.3,Sunrisers Hyderabad,DA Warner,DJ Hooda,MM Sharma,1,0,"",""
ball,1,16.4,Sunrisers Hyderabad,DJ Hooda,DA Warner,MM Sharma,1,0,"",""
ball,1,16.5,Sunrisers Hyderabad,DA Warner,DJ Hooda,MM Sharma,1,0,"",""
ball,1,16.6,Sunrisers Hyderabad,DJ Hooda,DA Warner,MM Sharma,0,0,"",""
ball,1,17.1,Sunrisers Hyderabad,DA Warner,DJ Hooda,AR Patel,1,0,"",""
ball,1,17.2,Sunrisers Hyderabad,DJ Hooda,DA Warner,AR Patel,2,0,"",""
ball,1,17.3,Sunrisers Hyderabad,DJ Hooda,DA Warner,AR Patel,0,0,"",""
ball,1,17.4,Sunrisers Hyderabad,DJ Hooda,DA Warner,AR Patel,2,0,"",""
ball,1,17.5,Sunrisers Hyderabad,DJ Hooda,DA Warner,AR Patel,4,0,"",""
ball,1,17.6,Sunrisers Hyderabad,DJ Hooda,DA Warner,AR Patel,1,0,"",""
ball,1,18.1,Sunrisers Hyderabad,DJ Hooda,DA Warner,MM Sharma,1,0,"",""
ball,1,18.2,Sunrisers Hyderabad,DA Warner,DJ Hooda,MM Sharma,4,0,"",""
ball,1,18.3,Sunrisers Hyderabad,DA Warner,DJ Hooda,MM Sharma,1,0,"",""
ball,1,18.4,Sunrisers Hyderabad,DJ Hooda,DA Warner,MM Sharma,0,0,caught,DJ Hooda
ball,1,18.5,Sunrisers Hyderabad,DA Warner,Mohammad Nabi,MM Sharma,4,0,"",""
ball,1,18.6,Sunrisers Hyderabad,DA Warner,Mohammad Nabi,MM Sharma,0,0,"",""
ball,1,19.1,Sunrisers Hyderabad,Mohammad Nabi,DA Warner,Sandeep Sharma,0,0,"",""
ball,1,19.2,Sunrisers Hyderabad,Mohammad Nabi,DA Warner,Sandeep Sharma,2,0,"",""
ball,1,19.3,Sunrisers Hyderabad,Mohammad Nabi,DA Warner,Sandeep Sharma,0,0,caught,Mohammad Nabi
ball,1,19.4,Sunrisers Hyderabad,DA Warner,Rashid Khan,Sandeep Sharma,6,0,"",""
ball,1,19.5,Sunrisers Hyderabad,DA Warner,Rashid Khan,Sandeep Sharma,0,1,"",""
ball,1,19.6,Sunrisers Hyderabad,Rashid Khan,DA Warner,Sandeep Sharma,6,0,"",""
ball,2,0.1,Kings XI Punjab,HM Amla,M Vohra,B Kumar,0,0,lbw,HM Amla
ball,2,0.2,Kings XI Punjab,GJ Maxwell,M Vohra,B Kumar,4,0,"",""
ball,2,0.3,Kings XI Punjab,GJ Maxwell,M Vohra,B Kumar,0,0,"",""
ball,2,0.4,Kings XI Punjab,GJ Maxwell,M Vohra,B Kumar,0,0,"",""
ball,2,0.5,Kings XI Punjab,GJ Maxwell,M Vohra,B Kumar,0,0,"",""
ball,2,0.6,Kings XI Punjab,GJ Maxwell,M Vohra,B Kumar,2,0,"",""
ball,2,1.1,Kings XI Punjab,M Vohra,GJ Maxwell,BB Sran,4,0,"",""
ball,2,1.2,Kings XI Punjab,M Vohra,GJ Maxwell,BB Sran,1,0,"",""
ball,2,1.3,Kings XI Punjab,GJ Maxwell,M Vohra,BB Sran,0,0,"",""
ball,2,1.4,Kings XI Punjab,GJ Maxwell,M Vohra,BB Sran,4,0,"",""
ball,2,1.5,Kings XI Punjab,GJ Maxwell,M Vohra,BB Sran,0,0,"",""
ball,2,1.6,Kings XI Punjab,GJ Maxwell,M Vohra,BB Sran,0,0,"",""
ball,2,2.1,Kings XI Punjab,M Vohra,GJ Maxwell,B Kumar,0,0,"",""
ball,2,2.2,Kings XI Punjab,M Vohra,GJ Maxwell,B Kumar,1,0,"",""
ball,2,2.3,Kings XI Punjab,GJ Maxwell,M Vohra,B Kumar,0,0,"",""
ball,2,2.4,Kings XI Punjab,GJ Maxwell,M Vohra,B Kumar,0,0,"",""
ball,2,2.5,Kings XI Punjab,GJ Maxwell,M Vohra,B Kumar,0,0,caught,GJ Maxwell
ball,2,2.6,Kings XI Punjab,M Vohra,EJG Morgan,B Kumar,0,1,"",""
ball,2,3.1,Kings XI Punjab,M Vohra,EJG Morgan,S Kaul,0,1,"",""
ball,2,3.2,Kings XI Punjab,M Vohra,EJG Morgan,S Kaul,1,0,"",""
ball,2,3.3,Kings XI Punjab,EJG Morgan,M Vohra,S Kaul,0,0,"",""
ball,2,3.4,Kings XI Punjab,EJG Morgan,M Vohra,S Kaul,0,0,"",""
ball,2,3.5,Kings XI Punjab,EJG Morgan,M Vohra,S Kaul,1,0,"",""
ball,2,3.6,Kings XI Punjab,M Vohra,EJG Morgan,S Kaul,1,0,"",""
ball,2,3.7,Kings XI Punjab,EJG Morgan,M Vohra,S Kaul,1,0,"",""
ball,2,4.1,Kings XI Punjab,EJG Morgan,M Vohra,Mohammad Nabi,6,0,"",""
ball,2,4.2,Kings XI Punjab,EJG Morgan,M Vohra,Mohammad Nabi,1,0,"",""
ball,2,4.3,Kings XI Punjab,M Vohra,EJG Morgan,Mohammad Nabi,0,0,"",""
ball,2,4.4,Kings XI Punjab,M Vohra,EJG Morgan,Mohammad Nabi,2,0,"",""
ball,2,4.5,Kings XI Punjab,M Vohra,EJG Morgan,Mohammad Nabi,0,0,"",""
ball,2,4.6,Kings XI Punjab,M Vohra,EJG Morgan,Mohammad Nabi,1,0,"",""
ball,2,5.1,Kings XI Punjab,M Vohra,EJG Morgan,Rashid Khan,0,3,"",""
ball,2,5.2,Kings XI Punjab,EJG Morgan,M Vohra,Rashid Khan,0,0,"",""
ball,2,5.3,Kings XI Punjab,EJG Morgan,M Vohra,Rashid Khan,1,0,"",""
ball,2,5.4,Kings XI Punjab,M Vohra,EJG Morgan,Rashid Khan,4,0,"",""
ball,2,5.5,Kings XI Punjab,M Vohra,EJG Morgan,Rashid Khan,0,1,"",""
ball,2,5.6,Kings XI Punjab,M Vohra,EJG Morgan,Rashid Khan,6,0,"",""
ball,2,5.7,Kings XI Punjab,M Vohra,EJG Morgan,Rashid Khan,4,0,"",""
ball,2,6.1,Kings XI Punjab,EJG Morgan,M Vohra,MC Henriques,1,0,"",""
ball,2,6.2,Kings XI Punjab,M Vohra,EJG Morgan,MC Henriques,0,0,"",""
ball,2,6.3,Kings XI Punjab,M Vohra,EJG Morgan,MC Henriques,1,0,"",""
ball,2,6.4,Kings XI Punjab,EJG Morgan,M Vohra,MC Henriques,0,0,"",""
ball,2,6.5,Kings XI Punjab,EJG Morgan,M Vohra,MC Henriques,0,0,"",""
ball,2,6.6,Kings XI Punjab,EJG Morgan,M Vohra,MC Henriques,0,0,"",""
ball,2,7.1,Kings XI Punjab,M Vohra,EJG Morgan,S Kaul,1,0,"",""
ball,2,7.2,Kings XI Punjab,EJG Morgan,M Vohra,S Kaul,1,0,"",""
ball,2,7.3,Kings XI Punjab,M Vohra,EJG Morgan,S Kaul,1,0,"",""
ball,2,7.4,Kings XI Punjab,EJG Morgan,M Vohra,S Kaul,0,0,"",""
ball,2,7.5,Kings XI Punjab,EJG Morgan,M Vohra,S Kaul,0,0,"",""
ball,2,7.6,Kings XI Punjab,EJG Morgan,M Vohra,S Kaul,1,0,"",""
ball,2,8.1,Kings XI Punjab,EJG Morgan,M Vohra,Mohammad Nabi,0,0,bowled,EJG Morgan
ball,2,8.2,Kings XI Punjab,DA Miller,M Vohra,Mohammad Nabi,0,0,"",""
ball,2,8.3,Kings XI Punjab,DA Miller,M Vohra,Mohammad Nabi,1,0,"",""
ball,2,8.4,Kings XI Punjab,M Vohra,DA Miller,Mohammad Nabi,0,0,"",""
ball,2,8.5,Kings XI Punjab,M Vohra,DA Miller,Mohammad Nabi,3,0,"",""
ball,2,8.6,Kings XI Punjab,DA Miller,M Vohra,Mohammad Nabi,0,0,"",""
ball,2,9.1,Kings XI Punjab,M Vohra,DA Miller,Rashid Khan,1,0,"",""
ball,2,9.2,Kings XI Punjab,DA Miller,M Vohra,Rashid Khan,0,0,"",""
ball,2,9.3,Kings XI Punjab,DA Miller,M Vohra,Rashid Khan,0,0,"",""
ball,2,9.4,Kings XI Punjab,DA Miller,M Vohra,Rashid Khan,0,0,bowled,DA Miller
ball,2,9.5,Kings XI Punjab,WP Saha,M Vohra,Rashid Khan,0,0,"",""
ball,2,9.6,Kings XI Punjab,WP Saha,M Vohra,Rashid Khan,0,0,bowled,WP Saha
ball,2,10.1,Kings XI Punjab,M Vohra,AR Patel,Mohammad Nabi,0,0,"",""
ball,2,10.2,Kings XI Punjab,M Vohra,AR Patel,Mohammad Nabi,1,0,"",""
ball,2,10.3,Kings XI Punjab,AR Patel,M Vohra,Mohammad Nabi,0,0,"",""
ball,2,10.4,Kings XI Punjab,AR Patel,M Vohra,Mohammad Nabi,0,0,"",""
ball,2,10.5,Kings XI Punjab,AR Patel,M Vohra,Mohammad Nabi,0,0,"",""
ball,2,10.6,Kings XI Punjab,AR Patel,M Vohra,Mohammad Nabi,0,0,"",""
ball,2,11.1,Kings XI Punjab,M Vohra,AR Patel,Rashid Khan,1,0,"",""
ball,2,11.2,Kings XI Punjab,AR Patel,M Vohra,Rashid Khan,1,0,"",""
ball,2,11.3,Kings XI Punjab,M Vohra,AR Patel,Rashid Khan,1,0,"",""
ball,2,11.4,Kings XI Punjab,AR Patel,M Vohra,Rashid Khan,1,0,"",""
ball,2,11.5,Kings XI Punjab,M Vohra,AR Patel,Rashid Khan,0,0,"",""
ball,2,11.6,Kings XI Punjab,M Vohra,AR Patel,Rashid Khan,0,0,"",""
ball,2,12.1,Kings XI Punjab,AR Patel,M Vohra,Mohammad Nabi,1,0,"",""
ball,2,12.2,Kings XI Punjab,M Vohra,AR Patel,Mohammad Nabi,1,0,"",""
ball,2,12.3,Kings XI Punjab,AR Patel,M Vohra,Mohammad Nabi,2,0,"",""
ball,2,12.4,Kings XI Punjab,AR Patel,M Vohra,Mohammad Nabi,1,0,"",""
ball,2,12.5,Kings XI Punjab,M Vohra,AR Patel,Mohammad Nabi,4,0,"",""
ball,2,12.6,Kings XI Punjab,M Vohra,AR Patel,Mohammad Nabi,4,0,"",""
ball,2,13.1,Kings XI Punjab,AR Patel,M Vohra,MC Henriques,0,0,"",""
ball,2,13.2,Kings XI Punjab,AR Patel,M Vohra,MC Henriques,1,0,"",""
ball,2,13.3,Kings XI Punjab,M Vohra,AR Patel,MC Henriques,1,0,"",""
ball,2,13.4,Kings XI Punjab,AR Patel,M Vohra,MC Henriques,0,0,caught,AR Patel
ball,2,13.5,Kings XI Punjab,M Vohra,MM Sharma,MC Henriques,0,0,"",""
ball,2,13.6,Kings XI Punjab,M Vohra,MM Sharma,MC Henriques,2,0,"",""
ball,2,14.1,Kings XI Punjab,MM Sharma,M Vohra,BB Sran,6,0,"",""
ball,2,14.2,Kings XI Punjab,MM Sharma,M Vohra,BB Sran,0,1,"",""
ball,2,14.3,Kings XI Punjab,MM Sharma,M Vohra,BB Sran,1,0,"",""
ball,2,14.4,Kings XI Punjab,M Vohra,MM Sharma,BB Sran,6,0,"",""
ball,2,14.5,Kings XI Punjab,M Vohra,MM Sharma,BB Sran,4,0,"",""
ball,2,14.6,Kings XI Punjab,M Vohra,MM Sharma,BB Sran,0,0,"",""
ball,2,14.7,Kings XI Punjab,M Vohra,MM Sharma,BB Sran,2,0,"",""
ball,2,15.1,Kings XI Punjab,MM Sharma,M Vohra,Rashid Khan,1,0,"",""
ball,2,15.2,Kings XI Punjab,M Vohra,MM Sharma,Rashid Khan,4,0,"",""
ball,2,15.3,Kings XI Punjab,M Vohra,MM Sharma,Rashid Khan,0,0,"",""
ball,2,15.4,Kings XI Punjab,M Vohra,MM Sharma,Rashid Khan,6,0,"",""
ball,2,15.5,Kings XI Punjab,M Vohra,MM Sharma,Rashid Khan,6,0,"",""
ball,2,15.6,Kings XI Punjab,M Vohra,MM Sharma,Rashid Khan,4,0,"",""
ball,2,16.1,Kings XI Punjab,MM Sharma,M Vohra,B Kumar,2,0,"",""
ball,2,16.2,Kings XI Punjab,MM Sharma,M Vohra,B Kumar,0,0,caught,MM Sharma
ball,2,16.3,Kings XI Punjab,M Vohra,KC Cariappa,B Kumar,4,0,"",""
ball,2,16.4,Kings XI Punjab,M Vohra,KC Cariappa,B Kumar,1,0,"",""
ball,2,16.5,Kings XI Punjab,KC Cariappa,M Vohra,B Kumar,0,0,"",""
ball,2,16.6,Kings XI Punjab,KC Cariappa,M Vohra,B Kumar,0,0,"",""
ball,2,17.1,Kings XI Punjab,M Vohra,KC Cariappa,S Kaul,6,0,"",""
ball,2,17.2,Kings XI Punjab,M Vohra,KC Cariappa,S Kaul,2,0,"",""
ball,2,17.3,Kings XI Punjab,M Vohra,KC Cariappa,S Kaul,2,0,"",""
ball,2,17.4,Kings XI Punjab,M Vohra,KC Cariappa,S Kaul,1,0,"",""
ball,2,17.5,Kings XI Punjab,KC Cariappa,M Vohra,S Kaul,0,0,"",""
ball,2,17.6,Kings XI Punjab,KC Cariappa,M Vohra,S Kaul,1,0,"",""
ball,2,18.1,Kings XI Punjab,KC Cariappa,M Vohra,B Kumar,0,0,bowled,KC Cariappa
ball,2,18.2,Kings XI Punjab,I Sharma,M Vohra,B Kumar,1,0,"",""
ball,2,18.3,Kings XI Punjab,M Vohra,I Sharma,B Kumar,0,0,lbw,M Vohra
ball,2,18.4,Kings XI Punjab,Sandeep Sharma,I Sharma,B Kumar,1,1,"",""
ball,2,18.5,Kings XI Punjab,I Sharma,Sandeep Sharma,B Kumar,0,0,"",""
ball,2,18.6,Kings XI Punjab,I Sharma,Sandeep Sharma,B Kumar,1,0,"",""
ball,2,18.7,Kings XI Punjab,Sandeep Sharma,I Sharma,B Kumar,1,0,"",""
ball,2,19.1,Kings XI Punjab,Sandeep Sharma,I Sharma,S Kaul,2,0,"",""
ball,2,19.2,Kings XI Punjab,Sandeep Sharma,I Sharma,S Kaul,0,1,"",""
ball,2,19.3,Kings XI Punjab,Sandeep Sharma,I Sharma,S Kaul,1,0,"",""
ball,2,19.4,Kings XI Punjab,I Sharma,Sandeep Sharma,S Kaul,0,1,"",""
ball,2,19.5,Kings XI Punjab,I Sharma,Sandeep Sharma,S Kaul,0,0,"",""
ball,2,19.6,Kings XI Punjab,I Sharma,Sandeep Sharma,S Kaul,0,0,bowled,I Sharma
