version,1.3.0
info,team,Sunrisers Hyderabad
info,team,Kolkata Knight Riders
info,gender,male
info,season,2017
info,date,2017/04/30
info,competition,Indian Premier League
info,match_number,37
info,venue,"Rajiv Gandhi International Stadium, Uppal"
info,city,Hyderabad
info,toss_winner,Kolkata Knight Riders
info,toss_decision,field
info,player_of_match,DA Warner
info,umpire,AY Dandekar
info,umpire,S Ravi
info,reserve_umpire,Navdeep Singh
info,tv_umpire,VK Sharma
info,match_referee,J Srinath
info,winner,Sunrisers Hyderabad
info,winner_runs,48
ball,1,0.1,Sunrisers Hyderabad,DA Warner,S Dhawan,NM Coulter-Nile,0,0,"",""
ball,1,0.2,Sunrisers Hyderabad,DA Warner,S Dhawan,NM Coulter-Nile,2,0,"",""
ball,1,0.3,Sunrisers Hyderabad,DA Warner,S Dhawan,NM Coulter-Nile,0,0,"",""
ball,1,0.4,Sunrisers Hyderabad,DA Warner,S Dhawan,NM Coulter-Nile,4,0,"",""
ball,1,0.5,Sunrisers Hyderabad,DA Warner,S Dhawan,NM Coulter-Nile,0,0,"",""
ball,1,0.6,Sunrisers Hyderabad,DA Warner,S Dhawan,NM Coulter-Nile,0,0,"",""
ball,1,1.1,Sunrisers Hyderabad,S Dhawan,DA Warner,UT Yadav,0,0,"",""
ball,1,1.2,Sunrisers Hyderabad,S Dhawan,DA Warner,UT Yadav,1,0,"",""
ball,1,1.3,Sunrisers Hyderabad,DA Warner,S Dhawan,UT Yadav,6,0,"",""
ball,1,1.4,Sunrisers Hyderabad,DA Warner,S Dhawan,UT Yadav,1,0,"",""
ball,1,1.5,Sunrisers Hyderabad,S Dhawan,DA Warner,UT Yadav,1,0,"",""
ball,1,1.6,Sunrisers Hyderabad,DA Warner,S Dhawan,UT Yadav,3,0,"",""
ball,1,2.1,Sunrisers Hyderabad,DA Warner,S Dhawan,CR Woakes,4,0,"",""
ball,1,2.2,Sunrisers Hyderabad,DA Warner,S Dhawan,CR Woakes,6,0,"",""
ball,1,2.3,Sunrisers Hyderabad,DA Warner,S Dhawan,CR Woakes,0,0,"",""
ball,1,2.4,Sunrisers Hyderabad,DA Warner,S Dhawan,CR Woakes,1,0,"",""
ball,1,2.5,Sunrisers Hyderabad,S Dhawan,DA Warner,CR Woakes,0,0,"",""
ball,1,2.6,Sunrisers Hyderabad,S Dhawan,DA Warner,CR Woakes,6,0,"",""
ball,1,3.1,Sunrisers Hyderabad,DA Warner,S Dhawan,YK Pathan,0,0,"",""
ball,1,3.2,Sunrisers Hyderabad,DA Warner,S Dhawan,YK Pathan,4,0,"",""
ball,1,3.3,Sunrisers Hyderabad,DA Warner,S Dhawan,YK Pathan,4,0,"",""
ball,1,3.4,Sunrisers Hyderabad,DA Warner,S Dhawan,YK Pathan,6,0,"",""
ball,1,3.5,Sunrisers Hyderabad,DA Warner,S Dhawan,YK Pathan,2,0,"",""
ball,1,3.6,Sunrisers Hyderabad,DA Warner,S Dhawan,YK Pathan,1,0,"",""
ball,1,4.1,Sunrisers Hyderabad,DA Warner,S Dhawan,SP Narine,6,0,"",""
ball,1,4.2,Sunrisers Hyderabad,DA Warner,S Dhawan,SP Narine,0,1,"",""
ball,1,4.3,Sunrisers Hyderabad,DA Warner,S Dhawan,SP Narine,0,0,"",""
ball,1,4.4,Sunrisers Hyderabad,DA Warner,S Dhawan,SP Narine,4,0,"",""
ball,1,4.5,Sunrisers Hyderabad,DA Warner,S Dhawan,SP Narine,3,0,"",""
ball,1,4.6,Sunrisers Hyderabad,S Dhawan,DA Warner,SP Narine,0,0,"",""
ball,1,4.7,Sunrisers Hyderabad,S Dhawan,DA Warner,SP Narine,1,0,"",""
ball,1,5.1,Sunrisers Hyderabad,S Dhawan,DA Warner,Kuldeep Yadav,4,0,"",""
ball,1,5.2,Sunrisers Hyderabad,S Dhawan,DA Warner,Kuldeep Yadav,0,0,"",""
ball,1,5.3,Sunrisers Hyderabad,S Dhawan,DA Warner,Kuldeep Yadav,0,2,"",""
ball,1,5.4,Sunrisers Hyderabad,DA Warner,S Dhawan,Kuldeep Yadav,4,0,"",""
ball,1,5.5,Sunrisers Hyderabad,DA Warner,S Dhawan,Kuldeep Yadav,1,0,"",""
ball,1,5.6,Sunrisers Hyderabad,S Dhawan,DA Warner,Kuldeep Yadav,0,0,"",""
ball,1,5.7,Sunrisers Hyderabad,S Dhawan,DA Warner,Kuldeep Yadav,0,1,"",""
ball,1,5.8,Sunrisers Hyderabad,S Dhawan,DA Warner,Kuldeep Yadav,0,0,"",""
ball,1,6.1,Sunrisers Hyderabad,DA Warner,S Dhawan,UT Yadav,6,0,"",""
ball,1,6.2,Sunrisers Hyderabad,DA Warner,S Dhawan,UT Yadav,1,0,"",""
ball,1,6.3,Sunrisers Hyderabad,S Dhawan,DA Warner,UT Yadav,0,0,"",""
ball,1,6.4,Sunrisers Hyderabad,S Dhawan,DA Warner,UT Yadav,1,0,"",""
ball,1,6.5,Sunrisers Hyderabad,DA Warner,S Dhawan,UT Yadav,0,0,"",""
ball,1,6.6,Sunrisers Hyderabad,DA Warner,S Dhawan,UT Yadav,0,0,"",""
ball,1,7.1,Sunrisers Hyderabad,S Dhawan,DA Warner,Kuldeep Yadav,1,0,"",""
ball,1,7.2,Sunrisers Hyderabad,DA Warner,S Dhawan,Kuldeep Yadav,1,0,"",""
ball,1,7.3,Sunrisers Hyderabad,S Dhawan,DA Warner,Kuldeep Yadav,1,0,"",""
ball,1,7.4,Sunrisers Hyderabad,DA Warner,S Dhawan,Kuldeep Yadav,2,0,"",""
ball,1,7.5,Sunrisers Hyderabad,DA Warner,S Dhawan,Kuldeep Yadav,1,0,"",""
ball,1,7.6,Sunrisers Hyderabad,S Dhawan,DA Warner,Kuldeep Yadav,1,0,"",""
ball,1,8.1,Sunrisers Hyderabad,S Dhawan,DA Warner,NM Coulter-Nile,0,1,"",""
ball,1,8.2,Sunrisers Hyderabad,DA Warner,S Dhawan,NM Coulter-Nile,1,0,"",""
ball,1,8.3,Sunrisers Hyderabad,S Dhawan,DA Warner,NM Coulter-Nile,0,1,"",""
ball,1,8.4,Sunrisers Hyderabad,S Dhawan,DA Warner,NM Coulter-Nile,1,0,"",""
ball,1,8.5,Sunrisers Hyderabad,DA Warner,S Dhawan,NM Coulter-Nile,6,0,"",""
ball,1,8.6,Sunrisers Hyderabad,DA Warner,S Dhawan,NM Coulter-Nile,0,0,"",""
ball,1,8.7,Sunrisers Hyderabad,DA Warner,S Dhawan,NM Coulter-Nile,1,0,"",""
ball,1,9.1,Sunrisers Hyderabad,DA Warner,S Dhawan,Kuldeep Yadav,1,0,"",""
ball,1,9.2,Sunrisers Hyderabad,S Dhawan,DA Warner,Kuldeep Yadav,0,0,"",""
ball,1,9.3,Sunrisers Hyderabad,S Dhawan,DA Warner,Kuldeep Yadav,1,0,"",""
ball,1,9.4,Sunrisers Hyderabad,DA Warner,S Dhawan,Kuldeep Yadav,4,0,"",""
ball,1,9.5,Sunrisers Hyderabad,DA Warner,S Dhawan,Kuldeep Yadav,6,0,"",""
ball,1,9.6,Sunrisers Hyderabad,DA Warner,S Dhawan,Kuldeep Yadav,6,0,"",""
ball,1,10.1,Sunrisers Hyderabad,S Dhawan,DA Warner,UT Yadav,0,0,"",""
ball,1,10.2,Sunrisers Hyderabad,S Dhawan,DA Warner,UT Yadav,0,0,"",""
ball,1,10.3,Sunrisers Hyderabad,S Dhawan,DA Warner,UT Yadav,1,0,"",""
ball,1,10.4,Sunrisers Hyderabad,DA Warner,S Dhawan,UT Yadav,0,0,"",""
ball,1,10.5,Sunrisers Hyderabad,DA Warner,S Dhawan,UT Yadav,0,0,"",""
ball,1,10.6,Sunrisers Hyderabad,DA Warner,S Dhawan,UT Yadav,2,0,"",""
ball,1,11.1,Sunrisers Hyderabad,S Dhawan,DA Warner,SP Narine,1,0,"",""
ball,1,11.2,Sunrisers Hyderabad,DA Warner,S Dhawan,SP Narine,1,0,"",""
ball,1,11.3,Sunrisers Hyderabad,S Dhawan,DA Warner,SP Narine,1,0,"",""
ball,1,11.4,Sunrisers Hyderabad,DA Warner,S Dhawan,SP Narine,1,0,"",""
ball,1,11.5,Sunrisers Hyderabad,S Dhawan,DA Warner,SP Narine,1,0,"",""
ball,1,11.6,Sunrisers Hyderabad,DA Warner,S Dhawan,SP Narine,2,0,"",""
ball,1,12.1,Sunrisers Hyderabad,S Dhawan,DA Warner,CR Woakes,2,0,"",""
ball,1,12.2,Sunrisers Hyderabad,S Dhawan,DA Warner,CR Woakes,4,0,"",""
ball,1,12.3,Sunrisers Hyderabad,S Dhawan,DA Warner,CR Woakes,0,0,"",""
ball,1,12.4,Sunrisers Hyderabad,S Dhawan,DA Warner,CR Woakes,0,0,run out,S Dhawan
ball,1,12.5,Sunrisers Hyderabad,DA Warner,KS Williamson,CR Woakes,0,0,"",""
ball,1,12.6,Sunrisers Hyderabad,DA Warner,KS Williamson,CR Woakes,1,0,"",""
ball,1,13.1,Sunrisers Hyderabad,DA Warner,KS Williamson,Kuldeep Yadav,1,0,"",""
ball,1,13.2,Sunrisers Hyderabad,KS Williamson,DA Warner,Kuldeep Yadav,0,0,"",""
ball,1,13.3,Sunrisers Hyderabad,KS Williamson,DA Warner,Kuldeep Yadav,1,0,"",""
ball,1,13.4,Sunrisers Hyderabad,DA Warner,KS Williamson,Kuldeep Yadav,2,0,"",""
ball,1,13.5,Sunrisers Hyderabad,DA Warner,KS Williamson,Kuldeep Yadav,1,0,"",""
ball,1,13.6,Sunrisers Hyderabad,KS Williamson,DA Warner,Kuldeep Yadav,1,0,"",""
ball,1,14.1,Sunrisers Hyderabad,KS Williamson,DA Warner,UT Yadav,0,0,"",""
ball,1,14.2,Sunrisers Hyderabad,KS Williamson,DA Warner,UT Yadav,0,1,"",""
ball,1,14.3,Sunrisers Hyderabad,DA Warner,KS Williamson,UT Yadav,1,0,"",""
ball,1,14.4,Sunrisers Hyderabad,KS Williamson,DA Warner,UT Yadav,4,0,"",""
ball,1,14.5,Sunrisers Hyderabad,KS Williamson,DA Warner,UT Yadav,2,0,"",""
ball,1,14.6,Sunrisers Hyderabad,KS Williamson,DA Warner,UT Yadav,0,0,"",""
ball,1,15.1,Sunrisers Hyderabad,DA Warner,KS Williamson,SP Narine,4,0,"",""
ball,1,15.2,Sunrisers Hyderabad,DA Warner,KS Williamson,SP Narine,4,0,"",""
ball,1,15.3,Sunrisers Hyderabad,DA Warner,KS Williamson,SP Narine,4,0,"",""
ball,1,15.4,Sunrisers Hyderabad,DA Warner,KS Williamson,SP Narine,1,0,"",""
ball,1,15.5,Sunrisers Hyderabad,KS Williamson,DA Warner,SP Narine,1,0,"",""
ball,1,15.6,Sunrisers Hyderabad,DA Warner,KS Williamson,SP Narine,1,0,"",""
ball,1,16.1,Sunrisers Hyderabad,DA Warner,KS Williamson,CR Woakes,2,0,"",""
ball,1,16.2,Sunrisers Hyderabad,DA Warner,KS Williamson,CR Woakes,0,0,caught,DA Warner
ball,1,16.3,Sunrisers Hyderabad,KS Williamson,Yuvraj Singh,CR Woakes,1,0,"",""
ball,1,16.4,Sunrisers Hyderabad,Yuvraj Singh,KS Williamson,CR Woakes,1,0,"",""
ball,1,16.5,Sunrisers Hyderabad,KS Williamson,Yuvraj Singh,CR Woakes,2,0,"",""
ball,1,16.6,Sunrisers Hyderabad,KS Williamson,Yuvraj Singh,CR Woakes,0,0,"",""
ball,1,17.1,Sunrisers Hyderabad,Yuvraj Singh,KS Williamson,NM Coulter-Nile,1,0,"",""
ball,1,17.2,Sunrisers Hyderabad,KS Williamson,Yuvraj Singh,NM Coulter-Nile,1,0,"",""
ball,1,17.3,Sunrisers Hyderabad,Yuvraj Singh,KS Williamson,NM Coulter-Nile,1,0,"",""
ball,1,17.4,Sunrisers Hyderabad,KS Williamson,Yuvraj Singh,NM Coulter-Nile,2,0,"",""
ball,1,17.5,Sunrisers Hyderabad,KS Williamson,Yuvraj Singh,NM Coulter-Nile,4,0,"",""
ball,1,17.6,Sunrisers Hyderabad,KS Williamson,Yuvraj Singh,NM Coulter-Nile,2,0,"",""
ball,1,18.1,Sunrisers Hyderabad,Yuvraj Singh,KS Williamson,CR Woakes,0,1,"",""
ball,1,18.2,Sunrisers Hyderabad,Yuvraj Singh,KS Williamson,CR Woakes,1,0,"",""
ball,1,18.3,Sunrisers Hyderabad,KS Williamson,Yuvraj Singh,CR Woakes,0,0,"",""
ball,1,18.4,Sunrisers Hyderabad,KS Williamson,Yuvraj Singh,CR Woakes,4,0,"",""
ball,1,18.5,Sunrisers Hyderabad,KS Williamson,Yuvraj Singh,CR Woakes,2,0,"",""
ball,1,18.6,Sunrisers Hyderabad,KS Williamson,Yuvraj Singh,CR Woakes,4,0,"",""
ball,1,18.7,Sunrisers Hyderabad,KS Williamson,Yuvraj Singh,CR Woakes,4,0,"",""
ball,1,19.1,Sunrisers Hyderabad,Yuvraj Singh,KS Williamson,NM Coulter-Nile,1,0,"",""
ball,1,19.2,Sunrisers Hyderabad,KS Williamson,Yuvraj Singh,NM Coulter-Nile,2,0,"",""
ball,1,19.3,Sunrisers Hyderabad,KS Williamson,Yuvraj Singh,NM Coulter-Nile,2,0,"",""
ball,1,19.4,Sunrisers Hyderabad,KS Williamson,Yuvraj Singh,NM Coulter-Nile,0,0,"",""
ball,1,19.5,Sunrisers Hyderabad,KS Williamson,Yuvraj Singh,NM Coulter-Nile,1,0,"",""
ball,1,19.6,Sunrisers Hyderabad,Yuvraj Singh,KS Williamson,NM Coulter-Nile,1,0,run out,KS Williamson
ball,2,0.1,Kolkata Knight Riders,SP Narine,G Gambhir,B Kumar,0,0,"",""
ball,2,0.2,Kolkata Knight Riders,SP Narine,G Gambhir,B Kumar,1,0,"",""
ball,2,0.3,Kolkata Knight Riders,G Gambhir,SP Narine,B Kumar,0,0,"",""
ball,2,0.4,Kolkata Knight Riders,G Gambhir,SP Narine,B Kumar,4,0,"",""
ball,2,0.5,Kolkata Knight Riders,G Gambhir,SP Narine,B Kumar,0,0,"",""
ball,2,0.6,Kolkata Knight Riders,G Gambhir,SP Narine,B Kumar,4,0,"",""
ball,2,1.1,Kolkata Knight Riders,SP Narine,G Gambhir,Mohammed Siraj,0,0,"",""
ball,2,1.2,Kolkata Knight Riders,SP Narine,G Gambhir,Mohammed Siraj,0,0,caught,SP Narine
ball,2,1.3,Kolkata Knight Riders,G Gambhir,RV Uthappa,Mohammed Siraj,0,0,"",""
ball,2,1.4,Kolkata Knight Riders,G Gambhir,RV Uthappa,Mohammed Siraj,2,0,"",""
ball,2,1.5,Kolkata Knight Riders,G Gambhir,RV Uthappa,Mohammed Siraj,0,0,"",""
ball,2,1.6,Kolkata Knight Riders,G Gambhir,RV Uthappa,Mohammed Siraj,1,0,"",""
ball,2,2.1,Kolkata Knight Riders,G Gambhir,RV Uthappa,S Kaul,0,0,"",""
ball,2,2.2,Kolkata Knight Riders,G Gambhir,RV Uthappa,S Kaul,0,0,"",""
ball,2,2.3,Kolkata Knight Riders,G Gambhir,RV Uthappa,S Kaul,0,0,caught,G Gambhir
ball,2,2.4,Kolkata Knight Riders,RV Uthappa,MK Pandey,S Kaul,0,0,"",""
ball,2,2.5,Kolkata Knight Riders,RV Uthappa,MK Pandey,S Kaul,0,0,"",""
ball,2,2.6,Kolkata Knight Riders,RV Uthappa,MK Pandey,S Kaul,4,0,"",""
ball,2,3.1,Kolkata Knight Riders,MK Pandey,RV Uthappa,Mohammed Siraj,0,0,"",""
ball,2,3.2,Kolkata Knight Riders,MK Pandey,RV Uthappa,Mohammed Siraj,1,0,"",""
ball,2,3.3,Kolkata Knight Riders,RV Uthappa,MK Pandey,Mohammed Siraj,0,0,"",""
ball,2,3.4,Kolkata Knight Riders,RV Uthappa,MK Pandey,Mohammed Siraj,4,0,"",""
ball,2,3.5,Kolkata Knight Riders,RV Uthappa,MK Pandey,Mohammed Siraj,4,0,"",""
ball,2,3.6,Kolkata Knight Riders,RV Uthappa,MK Pandey,Mohammed Siraj,0,0,"",""
ball,2,4.1,Kolkata Knight Riders,MK Pandey,RV Uthappa,S Kaul,0,0,"",""
ball,2,4.2,Kolkata Knight Riders,MK Pandey,RV Uthappa,S Kaul,4,0,"",""
ball,2,4.3,Kolkata Knight Riders,MK Pandey,RV Uthappa,S Kaul,1,0,"",""
ball,2,4.4,Kolkata Knight Riders,RV Uthappa,MK Pandey,S Kaul,1,0,"",""
ball,2,4.5,Kolkata Knight Riders,MK Pandey,RV Uthappa,S Kaul,4,0,"",""
ball,2,4.6,Kolkata Knight Riders,MK Pandey,RV Uthappa,S Kaul,1,0,"",""
ball,2,5.1,Kolkata Knight Riders,MK Pandey,RV Uthappa,MC Henriques,0,0,"",""
ball,2,5.2,Kolkata Knight Riders,MK Pandey,RV Uthappa,MC Henriques,1,0,"",""
ball,2,5.3,Kolkata Knight Riders,RV Uthappa,MK Pandey,MC Henriques,1,0,"",""
ball,2,5.4,Kolkata Knight Riders,MK Pandey,RV Uthappa,MC Henriques,1,0,"",""
ball,2,5.5,Kolkata Knight Riders,RV Uthappa,MK Pandey,MC Henriques,1,0,"",""
ball,2,5.6,Kolkata Knight Riders,MK Pandey,RV Uthappa,MC Henriques,4,0,"",""
ball,2,6.1,Kolkata Knight Riders,RV Uthappa,MK Pandey,Rashid Khan,6,0,"",""
ball,2,6.2,Kolkata Knight Riders,RV Uthappa,MK Pandey,Rashid Khan,0,0,"",""
ball,2,6.3,Kolkata Knight Riders,RV Uthappa,MK Pandey,Rashid Khan,0,0,"",""
ball,2,6.4,Kolkata Knight Riders,RV Uthappa,MK Pandey,Rashid Khan,1,0,"",""
ball,2,6.5,Kolkata Knight Riders,MK Pandey,RV Uthappa,Rashid Khan,0,0,"",""
ball,2,6.6,Kolkata Knight Riders,MK Pandey,RV Uthappa,Rashid Khan,1,0,"",""
ball,2,7.1,Kolkata Knight Riders,MK Pandey,RV Uthappa,MC Henriques,1,0,"",""
ball,2,7.2,Kolkata Knight Riders,RV Uthappa,MK Pandey,MC Henriques,1,0,"",""
ball,2,7.3,Kolkata Knight Riders,MK Pandey,RV Uthappa,MC Henriques,1,0,"",""
ball,2,7.4,Kolkata Knight Riders,RV Uthappa,MK Pandey,MC Henriques,1,0,"",""
ball,2,7.5,Kolkata Knight Riders,MK Pandey,RV Uthappa,MC Henriques,1,0,"",""
ball,2,7.6,Kolkata Knight Riders,RV Uthappa,MK Pandey,MC Henriques,1,0,"",""
ball,2,8.1,Kolkata Knight Riders,RV Uthappa,MK Pandey,Rashid Khan,6,0,"",""
ball,2,8.2,Kolkata Knight Riders,RV Uthappa,MK Pandey,Rashid Khan,4,0,"",""
ball,2,8.3,Kolkata Knight Riders,RV Uthappa,MK Pandey,Rashid Khan,1,0,"",""
ball,2,8.4,Kolkata Knight Riders,MK Pandey,RV Uthappa,Rashid Khan,2,0,"",""
ball,2,8.5,Kolkata Knight Riders,MK Pandey,RV Uthappa,Rashid Khan,0,0,"",""
ball,2,8.6,Kolkata Knight Riders,MK Pandey,RV Uthappa,Rashid Khan,1,0,"",""
ball,2,9.1,Kolkata Knight Riders,MK Pandey,RV Uthappa,Bipul Sharma,2,0,"",""
ball,2,9.2,Kolkata Knight Riders,MK Pandey,RV Uthappa,Bipul Sharma,0,1,"",""
ball,2,9.3,Kolkata Knight Riders,MK Pandey,RV Uthappa,Bipul Sharma,2,0,"",""
ball,2,9.4,Kolkata Knight Riders,MK Pandey,RV Uthappa,Bipul Sharma,1,0,"",""
ball,2,9.5,Kolkata Knight Riders,RV Uthappa,MK Pandey,Bipul Sharma,1,0,"",""
ball,2,9.6,Kolkata Knight Riders,MK Pandey,RV Uthappa,Bipul Sharma,2,0,"",""
ball,2,9.7,Kolkata Knight Riders,MK Pandey,RV Uthappa,Bipul Sharma,1,0,"",""
ball,2,10.1,Kolkata Knight Riders,MK Pandey,RV Uthappa,B Kumar,2,0,"",""
ball,2,10.2,Kolkata Knight Riders,MK Pandey,RV Uthappa,B Kumar,1,0,"",""
ball,2,10.3,Kolkata Knight Riders,RV Uthappa,MK Pandey,B Kumar,1,0,"",""
ball,2,10.4,Kolkata Knight Riders,MK Pandey,RV Uthappa,B Kumar,2,0,"",""
ball,2,10.5,Kolkata Knight Riders,MK Pandey,RV Uthappa,B Kumar,2,0,"",""
ball,2,10.6,Kolkata Knight Riders,MK Pandey,RV Uthappa,B Kumar,0,0,caught and bowled,MK Pandey
ball,2,11.1,Kolkata Knight Riders,RV Uthappa,YK Pathan,MC Henriques,6,0,"",""
ball,2,11.2,Kolkata Knight Riders,RV Uthappa,YK Pathan,MC Henriques,1,0,"",""
ball,2,11.3,Kolkata Knight Riders,YK Pathan,RV Uthappa,MC Henriques,1,0,"",""
ball,2,11.4,Kolkata Knight Riders,RV Uthappa,YK Pathan,MC Henriques,6,0,"",""
ball,2,11.5,Kolkata Knight Riders,RV Uthappa,YK Pathan,MC Henriques,1,0,"",""
ball,2,11.6,Kolkata Knight Riders,YK Pathan,RV Uthappa,MC Henriques,2,0,"",""
ball,2,12.1,Kolkata Knight Riders,RV Uthappa,YK Pathan,Mohammed Siraj,1,0,"",""
ball,2,12.2,Kolkata Knight Riders,YK Pathan,RV Uthappa,Mohammed Siraj,1,0,"",""
ball,2,12.3,Kolkata Knight Riders,RV Uthappa,YK Pathan,Mohammed Siraj,0,0,caught,RV Uthappa
ball,2,12.4,Kolkata Knight Riders,SP Jackson,YK Pathan,Mohammed Siraj,0,0,"",""
ball,2,12.5,Kolkata Knight Riders,SP Jackson,YK Pathan,Mohammed Siraj,0,0,"",""
ball,2,12.6,Kolkata Knight Riders,SP Jackson,YK Pathan,Mohammed Siraj,1,0,"",""
ball,2,13.1,Kolkata Knight Riders,SP Jackson,YK Pathan,Rashid Khan,1,0,"",""
ball,2,13.2,Kolkata Knight Riders,YK Pathan,SP Jackson,Rashid Khan,1,0,"",""
ball,2,13.3,Kolkata Knight Riders,SP Jackson,YK Pathan,Rashid Khan,0,0,"",""
ball,2,13.4,Kolkata Knight Riders,SP Jackson,YK Pathan,Rashid Khan,1,0,"",""
ball,2,13.5,Kolkata Knight Riders,YK Pathan,SP Jackson,Rashid Khan,1,0,"",""
ball,2,13.6,Kolkata Knight Riders,SP Jackson,YK Pathan,Rashid Khan,4,0,"",""
ball,2,14.1,Kolkata Knight Riders,YK Pathan,SP Jackson,S Kaul,0,0,"",""
ball,2,14.2,Kolkata Knight Riders,YK Pathan,SP Jackson,S Kaul,2,0,"",""
ball,2,14.3,Kolkata Knight Riders,YK Pathan,SP Jackson,S Kaul,0,0,"",""
ball,2,14.4,Kolkata Knight Riders,YK Pathan,SP Jackson,S Kaul,0,0,"",""
ball,2,14.5,Kolkata Knight Riders,YK Pathan,SP Jackson,S Kaul,1,0,"",""
ball,2,14.6,Kolkata Knight Riders,SP Jackson,YK Pathan,S Kaul,1,0,"",""
ball,2,15.1,Kolkata Knight Riders,SP Jackson,YK Pathan,Rashid Khan,0,0,"",""
ball,2,15.2,Kolkata Knight Riders,SP Jackson,YK Pathan,Rashid Khan,1,0,"",""
ball,2,15.3,Kolkata Knight Riders,YK Pathan,SP Jackson,Rashid Khan,2,0,"",""
ball,2,15.4,Kolkata Knight Riders,YK Pathan,SP Jackson,Rashid Khan,0,3,"",""
ball,2,15.5,Kolkata Knight Riders,YK Pathan,SP Jackson,Rashid Khan,1,0,"",""
ball,2,15.6,Kolkata Knight Riders,SP Jackson,YK Pathan,Rashid Khan,1,0,"",""
ball,2,15.7,Kolkata Knight Riders,YK Pathan,SP Jackson,Rashid Khan,0,0,caught,YK Pathan
ball,2,16.1,Kolkata Knight Riders,SP Jackson,C de Grandhomme,B Kumar,1,0,"",""
ball,2,16.2,Kolkata Knight Riders,C de Grandhomme,SP Jackson,B Kumar,4,0,"",""
ball,2,16.3,Kolkata Knight Riders,C de Grandhomme,SP Jackson,B Kumar,0,0,"",""
ball,2,16.4,Kolkata Knight Riders,C de Grandhomme,SP Jackson,B Kumar,1,0,"",""
ball,2,16.5,Kolkata Knight Riders,SP Jackson,C de Grandhomme,B Kumar,1,0,"",""
ball,2,16.6,Kolkata Knight Riders,C de Grandhomme,SP Jackson,B Kumar,1,0,"",""
ball,2,17.1,Kolkata Knight Riders,C de Grandhomme,SP Jackson,Mohammed Siraj,2,0,"",""
ball,2,17.2,Kolkata Knight Riders,C de Grandhomme,SP Jackson,Mohammed Siraj,0,0,"",""
ball,2,17.3,Kolkata Knight Riders,C de Grandhomme,SP Jackson,Mohammed Siraj,0,0,"",""
ball,2,17.4,Kolkata Knight Riders,C de Grandhomme,SP Jackson,Mohammed Siraj,6,0,"",""
ball,2,17.5,Kolkata Knight Riders,C de Grandhomme,SP Jackson,Mohammed Siraj,1,0,"",""
ball,2,17.6,Kolkata Knight Riders,SP Jackson,C de Grandhomme,Mohammed Siraj,2,0,"",""
ball,2,18.1,Kolkata Knight Riders,C de Grandhomme,SP Jackson,B Kumar,0,1,"",""
ball,2,18.2,Kolkata Knight Riders,SP Jackson,C de Grandhomme,B Kumar,1,0,"",""
ball,2,18.3,Kolkata Knight Riders,C de Grandhomme,SP Jackson,B Kumar,1,0,"",""
ball,2,18.4,Kolkata Knight Riders,SP Jackson,C de Grandhomme,B Kumar,1,0,"",""
ball,2,18.5,Kolkata Knight Riders,C de Grandhomme,SP Jackson,B Kumar,1,0,"",""
ball,2,18.6,Kolkata Knight Riders,SP Jackson,C de Grandhomme,B Kumar,0,0,caught,SP Jackson
ball,2,19.1,Kolkata Knight Riders,CR Woakes,C de Grandhomme,S Kaul,1,0,"",""
ball,2,19.2,Kolkata Knight Riders,C de Grandhomme,CR Woakes,S Kaul,1,0,"",""
ball,2,19.3,Kolkata Knight Riders,CR Woakes,C de Grandhomme,S Kaul,4,0,"",""
ball,2,19.4,Kolkata Knight Riders,CR Woakes,C de Grandhomme,S Kaul,1,0,"",""
ball,2,19.5,Kolkata Knight Riders,C de Grandhomme,CR Woakes,S Kaul,0,0,"",""
ball,2,19.6,Kolkata Knight Riders,C de Grandhomme,CR Woakes,S Kaul,0,0,caught,C de Grandhomme
