version,1.3.0
info,team,Rising Pune Supergiant
info,team,Kings XI Punjab
info,gender,male
info,season,2017
info,date,2017/05/14
info,competition,Indian Premier League
info,match_number,55
info,venue,Maharashtra Cricket Association Stadium
info,city,Pune
info,toss_winner,Rising Pune Supergiant
info,toss_decision,field
info,player_of_match,JD Unadkat
info,umpire,AY Dandekar
info,umpire,A Deshmukh
info,reserve_umpire,N Pandit
info,tv_umpire,KN Ananthapadmanabhan
info,match_referee,M Nayyar
info,winner,Rising Pune Supergiant
info,winner_wickets,9
ball,1,0.1,Kings XI Punjab,MJ Guptill,WP Saha,JD Unadkat,0,0,caught,MJ Guptill
ball,1,0.2,Kings XI Punjab,SE Marsh,WP Saha,JD Unadkat,0,0,"",""
ball,1,0.3,Kings XI Punjab,SE Marsh,WP Saha,JD Unadkat,0,0,"",""
ball,1,0.4,Kings XI Punjab,SE Marsh,WP Saha,JD Unadkat,0,0,"",""
ball,1,0.5,Kings XI Punjab,SE Marsh,WP Saha,JD Unadkat,4,0,"",""
ball,1,0.6,Kings XI Punjab,SE Marsh,WP Saha,JD Unadkat,0,0,"",""
ball,1,1.1,Kings XI Punjab,WP Saha,SE Marsh,SN Thakur,1,0,"",""
ball,1,1.2,Kings XI Punjab,SE Marsh,WP Saha,SN Thakur,0,0,"",""
ball,1,1.3,Kings XI Punjab,SE Marsh,WP Saha,SN Thakur,4,0,"",""
ball,1,1.4,Kings XI Punjab,SE Marsh,WP Saha,SN Thakur,0,0,"",""
ball,1,1.5,Kings XI Punjab,SE Marsh,WP Saha,SN Thakur,1,0,"",""
ball,1,1.6,Kings XI Punjab,WP Saha,SE Marsh,SN Thakur,1,0,"",""
ball,1,2.1,Kings XI Punjab,WP Saha,SE Marsh,JD Unadkat,1,0,"",""
ball,1,2.2,Kings XI Punjab,SE Marsh,WP Saha,JD Unadkat,1,0,"",""
ball,1,2.3,Kings XI Punjab,WP Saha,SE Marsh,JD Unadkat,6,0,"",""
ball,1,2.4,Kings XI Punjab,WP Saha,SE Marsh,JD Unadkat,0,0,"",""
ball,1,2.5,Kings XI Punjab,WP Saha,SE Marsh,JD Unadkat,0,0,"",""
ball,1,2.6,Kings XI Punjab,WP Saha,SE Marsh,JD Unadkat,0,0,"",""
ball,1,3.1,Kings XI Punjab,SE Marsh,WP Saha,SN Thakur,0,0,"",""
ball,1,3.2,Kings XI Punjab,SE Marsh,WP Saha,SN Thakur,0,0,"",""
ball,1,3.3,Kings XI Punjab,SE Marsh,WP Saha,SN Thakur,0,0,caught,SE Marsh
ball,1,3.4,Kings XI Punjab,EJG Morgan,WP Saha,SN Thakur,0,0,"",""
ball,1,3.5,Kings XI Punjab,EJG Morgan,WP Saha,SN Thakur,4,0,"",""
ball,1,3.6,Kings XI Punjab,EJG Morgan,WP Saha,SN Thakur,0,0,"",""
ball,1,4.1,Kings XI Punjab,WP Saha,EJG Morgan,BA Stokes,0,0,"",""
ball,1,4.2,Kings XI Punjab,WP Saha,EJG Morgan,BA Stokes,1,0,"",""
ball,1,4.3,Kings XI Punjab,EJG Morgan,WP Saha,BA Stokes,0,0,run out,EJG Morgan
ball,1,4.4,Kings XI Punjab,WP Saha,R Tewatia,BA Stokes,1,0,"",""
ball,1,4.5,Kings XI Punjab,R Tewatia,WP Saha,BA Stokes,0,0,"",""
ball,1,4.6,Kings XI Punjab,R Tewatia,WP Saha,BA Stokes,4,0,"",""
ball,1,5.1,Kings XI Punjab,WP Saha,R Tewatia,SN Thakur,0,1,"",""
ball,1,5.2,Kings XI Punjab,WP Saha,R Tewatia,SN Thakur,1,0,"",""
ball,1,5.3,Kings XI Punjab,R Tewatia,WP Saha,SN Thakur,0,0,caught,R Tewatia
ball,1,5.4,Kings XI Punjab,GJ Maxwell,WP Saha,SN Thakur,0,1,"",""
ball,1,5.5,Kings XI Punjab,GJ Maxwell,WP Saha,SN Thakur,0,0,"",""
ball,1,5.6,Kings XI Punjab,GJ Maxwell,WP Saha,SN Thakur,0,0,"",""
ball,1,5.7,Kings XI Punjab,GJ Maxwell,WP Saha,SN Thakur,0,0,caught,GJ Maxwell
ball,1,5.8,Kings XI Punjab,WP Saha,AR Patel,SN Thakur,0,0,"",""
ball,1,6.1,Kings XI Punjab,AR Patel,WP Saha,BA Stokes,0,0,"",""
ball,1,6.2,Kings XI Punjab,AR Patel,WP Saha,BA Stokes,0,0,"",""
ball,1,6.3,Kings XI Punjab,AR Patel,WP Saha,BA Stokes,0,0,"",""
ball,1,6.4,Kings XI Punjab,AR Patel,WP Saha,BA Stokes,0,0,"",""
ball,1,6.5,Kings XI Punjab,AR Patel,WP Saha,BA Stokes,0,1,"",""
ball,1,6.6,Kings XI Punjab,AR Patel,WP Saha,BA Stokes,0,0,"",""
ball,1,6.7,Kings XI Punjab,AR Patel,WP Saha,BA Stokes,1,0,"",""
ball,1,7.1,Kings XI Punjab,AR Patel,WP Saha,SN Thakur,4,0,"",""
ball,1,7.2,Kings XI Punjab,AR Patel,WP Saha,SN Thakur,0,0,"",""
ball,1,7.3,Kings XI Punjab,AR Patel,WP Saha,SN Thakur,0,0,"",""
ball,1,7.4,Kings XI Punjab,AR Patel,WP Saha,SN Thakur,1,0,"",""
ball,1,7.5,Kings XI Punjab,WP Saha,AR Patel,SN Thakur,0,0,"",""
ball,1,7.6,Kings XI Punjab,WP Saha,AR Patel,SN Thakur,0,0,"",""
ball,1,8.1,Kings XI Punjab,AR Patel,WP Saha,A Zampa,2,0,"",""
ball,1,8.2,Kings XI Punjab,AR Patel,WP Saha,A Zampa,6,0,"",""
ball,1,8.3,Kings XI Punjab,AR Patel,WP Saha,A Zampa,1,0,"",""
ball,1,8.4,Kings XI Punjab,WP Saha,AR Patel,A Zampa,1,0,"",""
ball,1,8.5,Kings XI Punjab,AR Patel,WP Saha,A Zampa,1,0,"",""
ball,1,8.6,Kings XI Punjab,WP Saha,AR Patel,A Zampa,0,0,"",""
ball,1,9.1,Kings XI Punjab,AR Patel,WP Saha,DT Christian,1,0,"",""
ball,1,9.2,Kings XI Punjab,WP Saha,AR Patel,DT Christian,0,0,caught,WP Saha
ball,1,9.3,Kings XI Punjab,Swapnil Singh,AR Patel,DT Christian,1,0,"",""
ball,1,9.4,Kings XI Punjab,AR Patel,Swapnil Singh,DT Christian,1,0,"",""
ball,1,9.5,Kings XI Punjab,Swapnil Singh,AR Patel,DT Christian,0,0,"",""
ball,1,9.6,Kings XI Punjab,Swapnil Singh,AR Patel,DT Christian,2,0,"",""
ball,1,10.1,Kings XI Punjab,AR Patel,Swapnil Singh,A Zampa,1,0,"",""
ball,1,10.2,Kings XI Punjab,Swapnil Singh,AR Patel,A Zampa,1,0,"",""
ball,1,10.3,Kings XI Punjab,AR Patel,Swapnil Singh,A Zampa,1,0,"",""
ball,1,10.4,Kings XI Punjab,Swapnil Singh,AR Patel,A Zampa,0,0,"",""
ball,1,10.5,Kings XI Punjab,Swapnil Singh,AR Patel,A Zampa,0,0,"",""
ball,1,10.6,Kings XI Punjab,Swapnil Singh,AR Patel,A Zampa,1,0,"",""
ball,1,11.1,Kings XI Punjab,Swapnil Singh,AR Patel,DT Christian,1,0,"",""
ball,1,11.2,Kings XI Punjab,AR Patel,Swapnil Singh,DT Christian,2,0,"",""
ball,1,11.3,Kings XI Punjab,AR Patel,Swapnil Singh,DT Christian,0,0,caught,AR Patel
ball,1,11.4,Kings XI Punjab,MM Sharma,Swapnil Singh,DT Christian,1,0,"",""
ball,1,11.5,Kings XI Punjab,Swapnil Singh,MM Sharma,DT Christian,1,0,"",""
ball,1,11.6,Kings XI Punjab,MM Sharma,Swapnil Singh,DT Christian,0,0,"",""
ball,1,12.1,Kings XI Punjab,Swapnil Singh,MM Sharma,A Zampa,0,0,"",""
ball,1,12.2,Kings XI Punjab,Swapnil Singh,MM Sharma,A Zampa,1,0,"",""
ball,1,12.3,Kings XI Punjab,MM Sharma,Swapnil Singh,A Zampa,1,0,"",""
ball,1,12.4,Kings XI Punjab,Swapnil Singh,MM Sharma,A Zampa,1,0,"",""
ball,1,12.5,Kings XI Punjab,MM Sharma,Swapnil Singh,A Zampa,1,0,"",""
ball,1,12.6,Kings XI Punjab,Swapnil Singh,MM Sharma,A Zampa,1,0,"",""
ball,1,13.1,Kings XI Punjab,Swapnil Singh,MM Sharma,JD Unadkat,0,0,"",""
ball,1,13.2,Kings XI Punjab,Swapnil Singh,MM Sharma,JD Unadkat,0,0,"",""
ball,1,13.3,Kings XI Punjab,Swapnil Singh,MM Sharma,JD Unadkat,0,0,"",""
ball,1,13.4,Kings XI Punjab,Swapnil Singh,MM Sharma,JD Unadkat,0,0,caught,Swapnil Singh
ball,1,13.5,Kings XI Punjab,I Sharma,MM Sharma,JD Unadkat,0,0,"",""
ball,1,13.6,Kings XI Punjab,I Sharma,MM Sharma,JD Unadkat,0,0,"",""
ball,1,14.1,Kings XI Punjab,MM Sharma,I Sharma,BA Stokes,0,0,"",""
ball,1,14.2,Kings XI Punjab,MM Sharma,I Sharma,BA Stokes,0,0,"",""
ball,1,14.3,Kings XI Punjab,MM Sharma,I Sharma,BA Stokes,0,0,"",""
ball,1,14.4,Kings XI Punjab,MM Sharma,I Sharma,BA Stokes,1,0,"",""
ball,1,14.5,Kings XI Punjab,I Sharma,MM Sharma,BA Stokes,0,0,"",""
ball,1,14.6,Kings XI Punjab,I Sharma,MM Sharma,BA Stokes,1,0,"",""
ball,1,15.1,Kings XI Punjab,I Sharma,MM Sharma,A Zampa,0,0,caught,I Sharma
ball,1,15.2,Kings XI Punjab,MM Sharma,Sandeep Sharma,A Zampa,2,0,"",""
ball,1,15.3,Kings XI Punjab,MM Sharma,Sandeep Sharma,A Zampa,0,0,"",""
ball,1,15.4,Kings XI Punjab,MM Sharma,Sandeep Sharma,A Zampa,0,0,"",""
ball,1,15.5,Kings XI Punjab,MM Sharma,Sandeep Sharma,A Zampa,0,0,caught,MM Sharma
ball,2,0.1,Rising Pune Supergiant,AM Rahane,RA Tripathi,Sandeep Sharma,0,0,"",""
ball,2,0.2,Rising Pune Supergiant,AM Rahane,RA Tripathi,Sandeep Sharma,2,0,"",""
ball,2,0.3,Rising Pune Supergiant,AM Rahane,RA Tripathi,Sandeep Sharma,0,0,"",""
ball,2,0.4,Rising Pune Supergiant,AM Rahane,RA Tripathi,Sandeep Sharma,0,0,"",""
ball,2,0.5,Rising Pune Supergiant,AM Rahane,RA Tripathi,Sandeep Sharma,0,0,"",""
ball,2,0.6,Rising Pune Supergiant,AM Rahane,RA Tripathi,Sandeep Sharma,1,0,"",""
ball,2,1.1,Rising Pune Supergiant,AM Rahane,RA Tripathi,MM Sharma,1,0,"",""
ball,2,1.2,Rising Pune Supergiant,RA Tripathi,AM Rahane,MM Sharma,0,0,"",""
ball,2,1.3,Rising Pune Supergiant,RA Tripathi,AM Rahane,MM Sharma,4,0,"",""
ball,2,1.4,Rising Pune Supergiant,RA Tripathi,AM Rahane,MM Sharma,0,0,"",""
ball,2,1.5,Rising Pune Supergiant,RA Tripathi,AM Rahane,MM Sharma,0,0,"",""
ball,2,1.6,Rising Pune Supergiant,RA Tripathi,AM Rahane,MM Sharma,1,0,"",""
ball,2,2.1,Rising Pune Supergiant,RA Tripathi,AM Rahane,Sandeep Sharma,0,1,"",""
ball,2,2.2,Rising Pune Supergiant,RA Tripathi,AM Rahane,Sandeep Sharma,1,0,"",""
ball,2,2.3,Rising Pune Supergiant,AM Rahane,RA Tripathi,Sandeep Sharma,1,0,"",""
ball,2,2.4,Rising Pune Supergiant,RA Tripathi,AM Rahane,Sandeep Sharma,4,0,"",""
ball,2,2.5,Rising Pune Supergiant,RA Tripathi,AM Rahane,Sandeep Sharma,1,0,"",""
ball,2,2.6,Rising Pune Supergiant,AM Rahane,RA Tripathi,Sandeep Sharma,0,0,"",""
ball,2,2.7,Rising Pune Supergiant,AM Rahane,RA Tripathi,Sandeep Sharma,1,0,"",""
ball,2,3.1,Rising Pune Supergiant,AM Rahane,RA Tripathi,I Sharma,1,0,"",""
ball,2,3.2,Rising Pune Supergiant,RA Tripathi,AM Rahane,I Sharma,4,0,"",""
ball,2,3.3,Rising Pune Supergiant,RA Tripathi,AM Rahane,I Sharma,0,0,"",""
ball,2,3.4,Rising Pune Supergiant,RA Tripathi,AM Rahane,I Sharma,4,0,"",""
ball,2,3.5,Rising Pune Supergiant,RA Tripathi,AM Rahane,I Sharma,2,0,"",""
ball,2,3.6,Rising Pune Supergiant,RA Tripathi,AM Rahane,I Sharma,1,0,"",""
ball,2,4.1,Rising Pune Supergiant,RA Tripathi,AM Rahane,R Tewatia,0,0,"",""
ball,2,4.2,Rising Pune Supergiant,RA Tripathi,AM Rahane,R Tewatia,0,0,"",""
ball,2,4.3,Rising Pune Supergiant,RA Tripathi,AM Rahane,R Tewatia,6,0,"",""
ball,2,4.4,Rising Pune Supergiant,RA Tripathi,AM Rahane,R Tewatia,0,0,"",""
ball,2,4.5,Rising Pune Supergiant,RA Tripathi,AM Rahane,R Tewatia,0,0,"",""
ball,2,4.6,Rising Pune Supergiant,RA Tripathi,AM Rahane,R Tewatia,0,0,"",""
ball,2,5.1,Rising Pune Supergiant,AM Rahane,RA Tripathi,AR Patel,4,0,"",""
ball,2,5.2,Rising Pune Supergiant,AM Rahane,RA Tripathi,AR Patel,1,0,"",""
ball,2,5.3,Rising Pune Supergiant,RA Tripathi,AM Rahane,AR Patel,0,0,bowled,RA Tripathi
ball,2,5.4,Rising Pune Supergiant,SPD Smith,AM Rahane,AR Patel,1,0,"",""
ball,2,5.5,Rising Pune Supergiant,AM Rahane,SPD Smith,AR Patel,0,0,"",""
ball,2,5.6,Rising Pune Supergiant,AM Rahane,SPD Smith,AR Patel,1,0,"",""
ball,2,6.1,Rising Pune Supergiant,AM Rahane,SPD Smith,Swapnil Singh,2,0,"",""
ball,2,6.2,Rising Pune Supergiant,AM Rahane,SPD Smith,Swapnil Singh,1,0,"",""
ball,2,6.3,Rising Pune Supergiant,SPD Smith,AM Rahane,Swapnil Singh,1,0,"",""
ball,2,6.4,Rising Pune Supergiant,AM Rahane,SPD Smith,Swapnil Singh,1,0,"",""
ball,2,6.5,Rising Pune Supergiant,SPD Smith,AM Rahane,Swapnil Singh,0,0,"",""
ball,2,6.6,Rising Pune Supergiant,SPD Smith,AM Rahane,Swapnil Singh,1,0,"",""
ball,2,7.1,Rising Pune Supergiant,SPD Smith,AM Rahane,AR Patel,1,0,"",""
ball,2,7.2,Rising Pune Supergiant,AM Rahane,SPD Smith,AR Patel,1,0,"",""
ball,2,7.3,Rising Pune Supergiant,SPD Smith,AM Rahane,AR Patel,1,0,"",""
ball,2,7.4,Rising Pune Supergiant,AM Rahane,SPD Smith,AR Patel,1,0,"",""
ball,2,7.5,Rising Pune Supergiant,SPD Smith,AM Rahane,AR Patel,1,0,"",""
ball,2,7.6,Rising Pune Supergiant,AM Rahane,SPD Smith,AR Patel,1,0,"",""
ball,2,8.1,Rising Pune Supergiant,AM Rahane,SPD Smith,R Tewatia,0,0,"",""
ball,2,8.2,Rising Pune Supergiant,AM Rahane,SPD Smith,R Tewatia,1,0,"",""
ball,2,8.3,Rising Pune Supergiant,SPD Smith,AM Rahane,R Tewatia,1,0,"",""
ball,2,8.4,Rising Pune Supergiant,AM Rahane,SPD Smith,R Tewatia,0,0,"",""
ball,2,8.5,Rising Pune Supergiant,AM Rahane,SPD Smith,R Tewatia,1,0,"",""
ball,2,8.6,Rising Pune Supergiant,SPD Smith,AM Rahane,R Tewatia,0,0,"",""
ball,2,9.1,Rising Pune Supergiant,AM Rahane,SPD Smith,GJ Maxwell,1,0,"",""
ball,2,9.2,Rising Pune Supergiant,SPD Smith,AM Rahane,GJ Maxwell,0,0,"",""
ball,2,9.3,Rising Pune Supergiant,SPD Smith,AM Rahane,GJ Maxwell,1,0,"",""
ball,2,9.4,Rising Pune Supergiant,AM Rahane,SPD Smith,GJ Maxwell,0,0,"",""
ball,2,9.5,Rising Pune Supergiant,AM Rahane,SPD Smith,GJ Maxwell,1,0,"",""
ball,2,9.6,Rising Pune Supergiant,SPD Smith,AM Rahane,GJ Maxwell,1,0,"",""
ball,2,10.1,Rising Pune Supergiant,SPD Smith,AM Rahane,R Tewatia,2,0,"",""
ball,2,10.2,Rising Pune Supergiant,SPD Smith,AM Rahane,R Tewatia,0,0,"",""
ball,2,10.3,Rising Pune Supergiant,SPD Smith,AM Rahane,R Tewatia,1,0,"",""
ball,2,10.4,Rising Pune Supergiant,AM Rahane,SPD Smith,R Tewatia,1,0,"",""
ball,2,10.5,Rising Pune Supergiant,SPD Smith,AM Rahane,R Tewatia,1,0,"",""
ball,2,10.6,Rising Pune Supergiant,AM Rahane,SPD Smith,R Tewatia,0,0,"",""
ball,2,11.1,Rising Pune Supergiant,SPD Smith,AM Rahane,GJ Maxwell,1,0,"",""
ball,2,11.2,Rising Pune Supergiant,AM Rahane,SPD Smith,GJ Maxwell,2,0,"",""
ball,2,11.3,Rising Pune Supergiant,AM Rahane,SPD Smith,GJ Maxwell,1,0,"",""
ball,2,11.4,Rising Pune Supergiant,SPD Smith,AM Rahane,GJ Maxwell,1,0,"",""
ball,2,11.5,Rising Pune Supergiant,AM Rahane,SPD Smith,GJ Maxwell,0,0,"",""
ball,2,11.6,Rising Pune Supergiant,AM Rahane,SPD Smith,GJ Maxwell,6,0,"",""
